datetime,open,high,low,close,volume,hold
2024-08-13 11:15:00,16055.0,16080.0,15995.0,16025.0,84956,142695
2024-08-13 14:15:00,16020.0,16030.0,15915.0,15945.0,100306,139225
2024-08-13 15:00:00,15945.0,16010.0,15945.0,16005.0,44981,139504
2024-08-13 22:00:00,16025.0,16030.0,15915.0,15950.0,123050,142134
2024-08-13 23:00:00,15950.0,15955.0,15840.0,15875.0,114302,139584
2024-08-14 10:00:00,15880.0,15945.0,15855.0,15870.0,115592,140521
2024-08-14 11:15:00,15870.0,15895.0,15765.0,15815.0,133625,139734
2024-08-14 14:15:00,15810.0,15875.0,15785.0,15845.0,40254,139931
2024-08-14 15:00:00,15845.0,15875.0,15785.0,15805.0,33381,138211
2024-08-14 22:00:00,15825.0,15935.0,15755.0,15920.0,102122,144301
2024-08-14 23:00:00,15925.0,15925.0,15880.0,15905.0,39590,142176
2024-08-15 10:00:00,15905.0,15935.0,15850.0,15925.0,64955,143362
2024-08-15 11:15:00,15940.0,16080.0,15935.0,16025.0,92146,151193
2024-08-15 14:15:00,16025.0,16040.0,15865.0,15880.0,75887,145124
2024-08-15 15:00:00,15885.0,16025.0,15880.0,16025.0,59758,145739
2024-08-15 22:00:00,16030.0,16130.0,15975.0,16085.0,265994,153710
2024-08-15 23:00:00,16085.0,16180.0,16045.0,16175.0,138780,154859
2024-08-16 10:00:00,16180.0,16185.0,16120.0,16150.0,94191,157639
2024-08-16 11:15:00,16150.0,16165.0,16105.0,16110.0,40446,157221
2024-08-16 14:15:00,16110.0,16155.0,16085.0,16125.0,42787,156494
2024-08-16 15:00:00,16125.0,16125.0,16050.0,16060.0,37997,153929
2024-08-16 22:00:00,16010.0,16045.0,15885.0,16025.0,115249,154510
2024-08-16 23:00:00,16025.0,16080.0,15990.0,16045.0,50038,152483
2024-08-19 10:00:00,16055.0,16185.0,16000.0,16150.0,73352,157800
2024-08-19 11:15:00,16150.0,16155.0,16085.0,16115.0,44458,156969
2024-08-19 14:15:00,16115.0,16170.0,16090.0,16165.0,38378,159093
2024-08-19 15:00:00,16170.0,16195.0,16135.0,16155.0,40671,159573
2024-08-19 22:00:00,16165.0,16205.0,16125.0,16145.0,147465,161722
2024-08-19 23:00:00,16145.0,16170.0,16105.0,16150.0,96582,159243
2024-08-20 10:00:00,16135.0,16160.0,16085.0,16095.0,46882,158965
2024-08-20 11:15:00,16090.0,16140.0,16085.0,16130.0,34951,157715
2024-08-20 14:15:00,16130.0,16205.0,16115.0,16175.0,47657,160676
2024-08-20 15:00:00,16180.0,16260.0,16160.0,16235.0,56391,161881
2024-08-20 22:00:00,16270.0,16315.0,16255.0,16270.0,71323,163919
2024-08-20 23:00:00,16265.0,16295.0,16225.0,16265.0,35473,160294
2024-08-21 10:00:00,16260.0,16270.0,16205.0,16235.0,46236,160618
2024-08-21 11:15:00,16235.0,16295.0,16230.0,16290.0,36644,162567
2024-08-21 14:15:00,16290.0,16335.0,16240.0,16300.0,51658,164639
2024-08-21 15:00:00,16295.0,16325.0,16270.0,16290.0,27485,163242
2024-08-21 22:00:00,16300.0,16315.0,16225.0,16240.0,157935,165156
2024-08-21 23:00:00,16240.0,16280.0,16225.0,16265.0,92703,163981
2024-08-22 10:00:00,16265.0,16280.0,16225.0,16245.0,122418,164489
2024-08-22 11:15:00,16245.0,16265.0,16155.0,16250.0,144029,162279
2024-08-22 14:15:00,16245.0,16290.0,16215.0,16275.0,77870,164025
2024-08-22 15:00:00,16275.0,16290.0,16160.0,16210.0,60902,159578
2024-08-22 22:00:00,16200.0,16335.0,16200.0,16290.0,144710,166697
2024-08-22 23:00:00,16295.0,16315.0,16165.0,16310.0,182103,162486
2024-08-23 10:00:00,16330.0,16380.0,16310.0,16315.0,131099,167774
2024-08-23 11:15:00,16320.0,16360.0,16305.0,16330.0,40763,167668
2024-08-23 14:15:00,16325.0,16390.0,16320.0,16355.0,46245,169346
2024-08-23 15:00:00,16355.0,16410.0,16340.0,16350.0,45853,168025
2024-08-23 22:00:00,16405.0,16420.0,16340.0,16405.0,60652,172104
2024-08-23 23:00:00,16405.0,16435.0,16370.0,16400.0,54021,168765
2024-08-26 10:00:00,16410.0,16430.0,16315.0,16360.0,68135,168044
2024-08-26 11:15:00,16360.0,16380.0,16325.0,16335.0,33084,168491
2024-08-26 14:15:00,16335.0,16430.0,16335.0,16425.0,36683,170201
2024-08-26 15:00:00,16420.0,16455.0,16410.0,16440.0,29228,169823
2024-08-26 22:00:00,16455.0,16480.0,16425.0,16435.0,52973,172507
2024-08-26 23:00:00,16430.0,16455.0,16415.0,16440.0,26193,171098
2024-08-27 10:00:00,16450.0,16450.0,16315.0,16375.0,74600,167663
2024-08-27 11:15:00,16375.0,16395.0,16345.0,16360.0,28448,167542
2024-08-27 14:15:00,16360.0,16510.0,16350.0,16490.0,68584,171877
2024-08-27 15:00:00,16485.0,16505.0,16440.0,16500.0,40006,169940
2024-08-27 22:00:00,16525.0,16670.0,16500.0,16595.0,111034,178970
2024-08-27 23:00:00,16590.0,16645.0,16575.0,16645.0,40435,175783
2024-08-28 10:00:00,16655.0,16685.0,16625.0,16665.0,47646,178268
2024-08-28 11:15:00,16665.0,16715.0,16645.0,16685.0,62758,180146
2024-08-28 14:15:00,16685.0,16800.0,16680.0,16725.0,75243,182433
2024-08-28 15:00:00,16725.0,16800.0,16725.0,16755.0,47095,182230
2024-08-28 22:00:00,16715.0,16785.0,16680.0,16765.0,74652,185888
2024-08-28 23:00:00,16765.0,16785.0,16740.0,16750.0,31604,183284
2024-08-29 10:00:00,16770.0,16775.0,16695.0,16745.0,58597,182799
2024-08-29 11:15:00,16745.0,16775.0,16725.0,16750.0,30927,183801
2024-08-29 14:15:00,16745.0,16775.0,16725.0,16750.0,38702,183715
2024-08-29 15:00:00,16750.0,16750.0,16575.0,16640.0,80775,176397
2024-08-29 22:00:00,16595.0,16660.0,16530.0,16650.0,110984,180381
2024-08-29 23:00:00,16650.0,16660.0,16605.0,16655.0,38467,178341
2024-08-30 10:00:00,16675.0,16730.0,16650.0,16700.0,63492,180151
2024-08-30 11:15:00,16700.0,16730.0,16645.0,16655.0,45433,178859
2024-08-30 14:15:00,16655.0,16720.0,16610.0,16625.0,53388,176882
2024-08-30 15:00:00,16625.0,16660.0,16580.0,16640.0,45083,173812
2024-08-30 22:00:00,16620.0,16625.0,16470.0,16490.0,102848,174984
2024-08-30 23:00:00,16490.0,16560.0,16475.0,16485.0,56944,172204
2024-09-02 10:00:00,16485.0,16590.0,16480.0,16545.0,64743,174723
2024-09-02 11:15:00,16550.0,16575.0,16355.0,16375.0,100634,171418
2024-09-02 14:15:00,16370.0,16420.0,16325.0,16380.0,57461,169549
2024-09-02 15:00:00,16380.0,16400.0,16350.0,16360.0,28594,167136
2024-09-02 22:00:00,16340.0,16345.0,16230.0,16345.0,89948,171669
2024-09-02 23:00:00,16345.0,16355.0,16320.0,16330.0,27701,170722
2024-09-03 10:00:00,16345.0,16395.0,16305.0,16380.0,61209,173373
2024-09-03 11:15:00,16375.0,16410.0,16240.0,16310.0,81484,174008
2024-09-03 14:15:00,16305.0,16330.0,16220.0,16240.0,65035,172279
2024-09-03 15:00:00,16240.0,16325.0,16220.0,16285.0,45022,169702
2024-09-03 22:00:00,16240.0,16270.0,16110.0,16130.0,103570,166711
2024-09-03 23:00:00,16130.0,16220.0,16110.0,16220.0,62665,165469
2024-09-04 10:00:00,16190.0,16190.0,16125.0,16150.0,46423,166608
2024-09-04 11:15:00,16150.0,16195.0,16090.0,16160.0,53016,166551
2024-09-04 14:15:00,16165.0,16180.0,16075.0,16090.0,55451,165477
2024-09-04 15:00:00,16090.0,16115.0,16065.0,16075.0,398557,162692
2024-09-04 22:00:00,16105.0,16205.0,16095.0,16130.0,79103,165715
2024-09-04 23:00:00,16130.0,16210.0,16125.0,16200.0,52008,164927
2024-09-05 10:00:00,16205.0,16215.0,16155.0,16170.0,52924,167671
2024-09-05 11:15:00,16170.0,16295.0,16160.0,16265.0,67802,170720
2024-09-05 14:15:00,16265.0,16270.0,16155.0,16170.0,54847,168698
2024-09-05 15:00:00,16175.0,16210.0,16145.0,16180.0,38106,166814
2024-09-05 22:00:00,16215.0,16355.0,16215.0,16330.0,118362,169903
2024-09-05 23:00:00,16335.0,16395.0,16320.0,16345.0,61984,168976
2024-09-06 10:00:00,16365.0,16365.0,16240.0,16275.0,62550,169283
2024-09-06 11:15:00,16275.0,16315.0,16255.0,16290.0,37070,169652
2024-09-06 14:15:00,16295.0,16300.0,16190.0,16255.0,56861,168117
2024-09-06 15:00:00,16255.0,16560.0,16250.0,16545.0,62316,173209
2024-09-06 22:00:00,16610.0,16775.0,16510.0,16545.0,1060190,176974
2024-09-06 23:00:00,16545.0,16560.0,16385.0,16390.0,442355,170826
2024-09-09 10:00:00,16430.0,16680.0,16390.0,16545.0,661687,173661
2024-09-09 11:15:00,16540.0,16585.0,16490.0,16530.0,156993,175016
2024-09-09 14:15:00,16530.0,16660.0,16515.0,16635.0,236196,177830
2024-09-09 15:00:00,16635.0,16880.0,16585.0,16880.0,118701,186327
2024-09-09 22:00:00,16865.0,16890.0,16725.0,16775.0,587896,184588
2024-09-09 23:00:00,16775.0,16925.0,16775.0,16855.0,388634,185114
2024-09-10 10:00:00,16865.0,16910.0,16790.0,16820.0,341724,186116
2024-09-10 11:15:00,16820.0,16935.0,16795.0,16875.0,126131,188014
2024-09-10 14:15:00,16875.0,16940.0,16840.0,16935.0,210504,191075
2024-09-10 15:00:00,16925.0,16935.0,16780.0,16780.0,109589,184272
2024-09-10 22:00:00,16715.0,16810.0,16645.0,16650.0,3613386,183299
2024-09-10 23:00:00,16650.0,16830.0,16635.0,16825.0,2397964,183057
2024-09-11 10:00:00,16815.0,16860.0,16760.0,16830.0,1089278,185369
2024-09-11 11:15:00,16830.0,16895.0,16805.0,16865.0,584194,186593
2024-09-11 14:15:00,16865.0,16875.0,16770.0,16800.0,319747,187304
2024-09-11 15:00:00,16805.0,16860.0,16725.0,16745.0,123018,182517
2024-09-11 22:00:00,16750.0,16830.0,16725.0,16790.0,3742932,185996
2024-09-11 23:00:00,16790.0,16795.0,16680.0,16720.0,2112082,182469
2024-09-12 10:00:00,16745.0,16815.0,16720.0,16775.0,1152773,183530
2024-09-12 11:15:00,16775.0,16780.0,16670.0,16740.0,963227,181651
2024-09-12 14:15:00,16740.0,17040.0,16740.0,16940.0,771841,186809
2024-09-12 15:00:00,16935.0,17075.0,16935.0,17045.0,176165,190721
2024-09-12 22:00:00,17075.0,17195.0,17040.0,17065.0,4890517,193572
2024-09-12 23:00:00,17065.0,17075.0,16990.0,17050.0,2010390,189742
2024-09-13 10:00:00,17060.0,17120.0,17035.0,17095.0,1125804,191093
2024-09-13 11:15:00,17100.0,17115.0,16985.0,17005.0,4271994,189892
2024-09-13 14:15:00,17010.0,17055.0,16950.0,16950.0,876304,187038
2024-09-13 15:00:00,16960.0,17040.0,16955.0,17025.0,62662,182384
2024-09-18 10:00:00,17510.0,17855.0,17415.0,17845.0,222671,198622
2024-09-18 11:15:00,17845.0,17880.0,17735.0,17805.0,432493,198364
2024-09-18 14:15:00,17810.0,17815.0,17590.0,17695.0,100812,195412
2024-09-18 15:00:00,17700.0,17770.0,17665.0,17715.0,13361,192504
2024-09-18 22:00:00,17715.0,17770.0,17650.0,17755.0,181188,196658
2024-09-18 23:00:00,17755.0,17905.0,17730.0,17810.0,95625,197799
2024-09-19 10:00:00,17850.0,17920.0,17750.0,17905.0,96645,200330
2024-09-19 11:15:00,17910.0,18000.0,17855.0,17885.0,116855,199964
2024-09-19 14:15:00,17885.0,17985.0,17865.0,17975.0,29466,203569
2024-09-19 15:00:00,17975.0,18045.0,17970.0,18020.0,15654,205382
2024-09-19 22:00:00,18030.0,18040.0,17945.0,17975.0,4518380,206428
2024-09-19 23:00:00,17980.0,17990.0,17920.0,17985.0,2243647,203125
2024-09-20 10:00:00,17995.0,17995.0,17810.0,17880.0,2943912,200991
2024-09-20 11:15:00,17880.0,17985.0,17855.0,17970.0,1101079,202423
2024-09-20 14:15:00,17970.0,17990.0,17900.0,17920.0,394285,201957
2024-09-20 15:00:00,17925.0,17960.0,17870.0,17875.0,147091,198890
2024-09-20 22:00:00,17835.0,17835.0,17445.0,17455.0,1650755,196644
2024-09-20 23:00:00,17450.0,17475.0,17335.0,17335.0,3708306,190775
2024-09-23 10:00:00,17330.0,17535.0,17315.0,17535.0,629245,195539
2024-09-23 11:15:00,17530.0,17555.0,17450.0,17500.0,786646,194606
2024-09-23 14:15:00,17520.0,17525.0,17390.0,17440.0,1036102,194151
2024-09-23 15:00:00,17440.0,17460.0,17395.0,17460.0,750143,191926
2024-09-23 22:00:00,17500.0,17615.0,17500.0,17585.0,3801783,195966
2024-09-23 23:00:00,17585.0,17625.0,17520.0,17585.0,1648666,192586
2024-09-24 10:00:00,17585.0,17615.0,17520.0,17570.0,1189293,194082
2024-09-24 11:15:00,17575.0,17735.0,17565.0,17710.0,967463,200365
2024-09-24 14:15:00,17725.0,18090.0,17710.0,17925.0,923122,199049
2024-09-24 15:00:00,17930.0,18215.0,17925.0,18215.0,285382,203668
2024-09-24 22:00:00,18280.0,18490.0,18225.0,18460.0,9088739,213038
2024-09-24 23:00:00,18460.0,18750.0,18415.0,18685.0,4889024,210230
2024-09-25 10:00:00,18800.0,18825.0,18550.0,18680.0,3464059,205061
2024-09-25 11:15:00,18680.0,18775.0,18615.0,18760.0,727036,206859
2024-09-25 14:15:00,18760.0,18795.0,18275.0,18405.0,1632601,199171
2024-09-25 15:00:00,18405.0,18440.0,18275.0,18300.0,110310,194979
2024-09-25 22:00:00,18185.0,18725.0,18145.0,18600.0,10027686,217007
2024-09-25 23:00:00,18600.0,18680.0,18350.0,18425.0,4246637,207168
2024-09-26 10:00:00,18425.0,18560.0,18375.0,18520.0,1795530,212131
2024-09-26 11:15:00,18525.0,18525.0,18305.0,18390.0,845549,209701
2024-09-26 14:15:00,18390.0,18560.0,18330.0,18365.0,269454,207788
2024-09-26 15:00:00,18365.0,18475.0,18330.0,18440.0,73007,206686
2024-09-26 22:00:00,18595.0,18660.0,18225.0,18330.0,8314919,202863
2024-09-26 23:00:00,18335.0,18610.0,18330.0,18545.0,3382914,196469
2024-09-27 10:00:00,18560.0,18565.0,18385.0,18485.0,2348816,195122
2024-09-27 11:15:00,18485.0,18555.0,18445.0,18505.0,685677,195493
2024-09-27 14:15:00,18510.0,18650.0,18340.0,18475.0,861598,192568
2024-09-27 15:00:00,18490.0,18555.0,18385.0,18555.0,93210,190961
2024-09-27 22:00:00,18525.0,19080.0,18425.0,19055.0,242694,204771
2024-09-27 23:00:00,19055.0,19075.0,18920.0,19065.0,99794,197603
2024-09-30 10:00:00,19400.0,19605.0,19220.0,19280.0,76106,196100
2024-09-30 11:15:00,19275.0,19440.0,19245.0,19415.0,50524,197027
2024-09-30 14:15:00,19410.0,19535.0,19360.0,19525.0,46030,197914
2024-09-30 15:00:00,19525.0,19645.0,19305.0,19645.0,76010,192776
2024-10-08 10:00:00,19815.0,19820.0,19225.0,19420.0,8814377,189843
2024-10-08 11:15:00,19425.0,19450.0,19020.0,19290.0,2416214,189150
2024-10-08 14:15:00,19295.0,19360.0,18830.0,18835.0,677632,188101
2024-10-08 15:00:00,18790.0,19100.0,18760.0,18890.0,278972,185616
2024-10-08 22:00:00,18885.0,19220.0,18840.0,19170.0,5702124,197012
2024-10-08 23:00:00,19170.0,19210.0,19045.0,19175.0,2357369,195505
2024-10-09 10:00:00,19185.0,19375.0,19130.0,19230.0,3812567,203436
2024-10-09 11:15:00,19210.0,19345.0,19150.0,19290.0,1031910,205742
2024-10-09 14:15:00,19290.0,19480.0,19210.0,19400.0,820558,208091
2024-10-09 15:00:00,19395.0,19415.0,18920.0,18920.0,125729,202228
2024-10-09 22:00:00,18755.0,18820.0,18470.0,18715.0,7603038,200722
2024-10-09 23:00:00,18710.0,18860.0,18650.0,18855.0,1789225,196728
2024-10-10 10:00:00,18870.0,18935.0,18675.0,18730.0,2251416,197651
2024-10-10 11:15:00,18725.0,18820.0,18660.0,18805.0,809666,198743
2024-10-10 14:15:00,18800.0,18820.0,18500.0,18505.0,541706,198851
2024-10-10 15:00:00,18500.0,18515.0,18045.0,18045.0,179065,194116
2024-10-10 22:00:00,17985.0,18125.0,17885.0,17955.0,12081620,191012
2024-10-10 23:00:00,17950.0,18065.0,17935.0,18030.0,3456001,184335
2024-10-11 10:00:00,18045.0,18075.0,17895.0,17940.0,2878136,183063
2024-10-11 11:15:00,17940.0,17960.0,17815.0,17905.0,478174,179455
2024-10-11 14:15:00,17910.0,17990.0,17745.0,17780.0,686456,179784
2024-10-11 15:00:00,17780.0,18105.0,17780.0,18100.0,130561,179043
2024-10-11 22:00:00,18220.0,18440.0,18130.0,18360.0,7160584,185256
2024-10-11 23:00:00,18365.0,18525.0,18310.0,18500.0,2998646,180786
2024-10-14 10:00:00,18430.0,18500.0,18030.0,18165.0,4127502,183640
2024-10-14 11:15:00,18160.0,18435.0,18130.0,18415.0,985606,187308
2024-10-14 14:15:00,18415.0,18455.0,18325.0,18355.0,474749,188646
2024-10-14 15:00:00,18355.0,18405.0,18135.0,18180.0,104278,184566
2024-10-14 22:00:00,18160.0,18340.0,18125.0,18315.0,4011954,186246
2024-10-14 23:00:00,18320.0,18375.0,18155.0,18270.0,2086199,181211
2024-10-15 10:00:00,18200.0,18280.0,18175.0,18215.0,1349461,182882
2024-10-15 11:15:00,18215.0,18390.0,18175.0,18250.0,1000017,183710
2024-10-15 14:15:00,18250.0,18420.0,18210.0,18330.0,897260,187957
2024-10-15 15:00:00,18335.0,18440.0,18230.0,18375.0,224734,186623
2024-10-15 22:00:00,18365.0,18410.0,18185.0,18330.0,4551821,185624
2024-10-15 23:00:00,18330.0,18370.0,18190.0,18250.0,1978274,184242
2024-10-16 10:00:00,18180.0,18325.0,18135.0,18225.0,2379116,186285
2024-10-16 11:15:00,18225.0,18240.0,18035.0,18195.0,1623236,187752
2024-10-16 14:15:00,18195.0,18195.0,17640.0,17700.0,1479001,195721
2024-10-16 15:00:00,17695.0,17860.0,17690.0,17760.0,184878,190994
2024-10-16 22:00:00,17805.0,17895.0,17765.0,17845.0,2594159,187773
2024-10-16 23:00:00,17850.0,17940.0,17835.0,17925.0,1050020,184177
2024-10-17 10:00:00,17930.0,18000.0,17900.0,17960.0,964021,183611
2024-10-17 11:15:00,17960.0,18035.0,17855.0,17900.0,1044947,183667
2024-10-17 14:15:00,17895.0,17915.0,17725.0,17735.0,311289,183754
2024-10-17 15:00:00,17730.0,17830.0,17625.0,17740.0,158627,181273
2024-10-17 22:00:00,17770.0,18225.0,17685.0,18145.0,188201,187065
2024-10-17 23:00:00,18150.0,18220.0,18085.0,18185.0,91610,182024
2024-10-18 10:00:00,18200.0,18280.0,18140.0,18235.0,56737,184455
2024-10-18 11:15:00,18235.0,18370.0,18180.0,18220.0,71781,185030
2024-10-18 14:15:00,18215.0,18355.0,18160.0,18310.0,52789,186510
2024-10-18 15:00:00,18310.0,18375.0,18240.0,18295.0,45040,183744
2024-10-18 22:00:00,18265.0,18265.0,18030.0,18095.0,4597973,182290
2024-10-18 23:00:00,18090.0,18120.0,18005.0,18105.0,1921844,177565
2024-10-21 10:00:00,18090.0,18165.0,17850.0,17915.0,1913399,176451
2024-10-21 11:15:00,17925.0,18070.0,17910.0,17955.0,799103,177224
2024-10-21 14:15:00,17950.0,18060.0,17895.0,18035.0,298509,178411
2024-10-21 15:00:00,18035.0,18185.0,18005.0,18170.0,95719,177853
2024-10-21 22:00:00,18170.0,18335.0,18095.0,18305.0,3957534,181798
2024-10-21 23:00:00,18305.0,18365.0,18180.0,18220.0,2034740,177645
2024-10-22 10:00:00,18200.0,18230.0,18115.0,18205.0,1131854,178501
2024-10-22 11:15:00,18205.0,18380.0,18175.0,18320.0,793227,180101
2024-10-22 14:15:00,18320.0,18455.0,18220.0,18390.0,553054,183247
2024-10-22 15:00:00,18395.0,18475.0,18280.0,18380.0,171261,182236
2024-10-22 22:00:00,18330.0,18430.0,18285.0,18395.0,2310020,185730
2024-10-22 23:00:00,18400.0,18440.0,18375.0,18395.0,934340,183241
2024-10-23 10:00:00,18400.0,18415.0,18325.0,18350.0,832204,182535
2024-10-23 11:15:00,18350.0,18380.0,18160.0,18265.0,1100286,180466
2024-10-23 14:15:00,18265.0,18285.0,17985.0,18065.0,440314,182014
2024-10-23 15:00:00,18070.0,18130.0,18000.0,18045.0,157874,181109
2024-10-23 22:00:00,18025.0,18080.0,17905.0,17995.0,3014951,182465
2024-10-23 23:00:00,17990.0,18010.0,17940.0,17970.0,1260508,180637
2024-10-24 10:00:00,17985.0,18125.0,17970.0,18050.0,1288210,180475
2024-10-24 11:15:00,18055.0,18135.0,17980.0,18060.0,662253,179362
2024-10-24 14:15:00,18060.0,18135.0,18040.0,18100.0,286961,180122
2024-10-24 15:00:00,18090.0,18175.0,18075.0,18170.0,65976,179241
2024-10-24 22:00:00,18135.0,18260.0,18090.0,18210.0,2290824,181162
2024-10-24 23:00:00,18205.0,18305.0,17990.0,18055.0,2391865,176753
2024-10-25 10:00:00,18065.0,18320.0,18040.0,18180.0,1264484,176762
2024-10-25 11:15:00,18185.0,18205.0,18070.0,18085.0,480230,178938
2024-10-25 14:15:00,18085.0,18115.0,17815.0,17880.0,339871,189411
2024-10-25 15:00:00,17880.0,17905.0,17670.0,17760.0,176299,188492
2024-10-25 22:00:00,17815.0,17980.0,17785.0,17960.0,76723,180766
2024-10-25 23:00:00,17955.0,18035.0,17925.0,17960.0,44817,175728
2024-10-28 10:00:00,17935.0,17990.0,17815.0,17875.0,59947,174427
2024-10-28 11:15:00,17875.0,17955.0,17835.0,17890.0,41339,174664
2024-10-28 14:15:00,17885.0,17955.0,17850.0,17895.0,32785,175387
2024-10-28 15:00:00,17895.0,17910.0,17785.0,17910.0,31739,175302
2024-10-28 22:00:00,17850.0,17875.0,17745.0,17765.0,144137,176115
2024-10-28 23:00:00,17765.0,17825.0,17715.0,17820.0,68017,174531
2024-10-29 10:00:00,17815.0,17830.0,17735.0,17775.0,29204,176070
2024-10-29 11:15:00,17775.0,18155.0,17770.0,18045.0,121372,180886
2024-10-29 14:15:00,18040.0,18080.0,17960.0,17990.0,45693,181048
2024-10-29 15:00:00,17995.0,18040.0,17650.0,17750.0,90946,181336
2024-10-29 22:00:00,17855.0,17970.0,17795.0,17815.0,88513,177054
2024-10-29 23:00:00,17815.0,17850.0,17770.0,17815.0,31326,175037
2024-10-30 10:00:00,17820.0,17820.0,17695.0,17780.0,45394,176435
2024-10-30 11:15:00,17775.0,17815.0,17680.0,17725.0,39953,176164
2024-10-30 14:15:00,17720.0,17785.0,17630.0,17780.0,266098,177943
2024-10-30 15:00:00,17785.0,17900.0,17765.0,17845.0,44425,176467
2024-10-30 22:00:00,17860.0,17875.0,17735.0,17790.0,45838,175091
2024-10-30 23:00:00,17790.0,17845.0,17770.0,17815.0,25536,173318
2024-10-31 10:00:00,17820.0,17940.0,17810.0,17845.0,47843,172929
2024-10-31 11:15:00,17845.0,17960.0,17820.0,17920.0,38062,175426
2024-10-31 14:15:00,17920.0,17920.0,17775.0,17805.0,34374,174198
2024-10-31 15:00:00,17805.0,17835.0,17740.0,17835.0,27306,172577
2024-10-31 22:00:00,17805.0,17920.0,17775.0,17780.0,195564,171884
2024-10-31 23:00:00,17775.0,17810.0,17750.0,17750.0,77719,171026
2024-11-01 10:00:00,17765.0,17805.0,17680.0,17755.0,141845,174729
2024-11-01 11:15:00,17755.0,17760.0,17530.0,17625.0,255529,180087
2024-11-01 14:15:00,17625.0,17875.0,17615.0,17780.0,155872,180909
2024-11-01 15:00:00,17780.0,17810.0,17730.0,17785.0,34119,179859
2024-11-01 22:00:00,17770.0,17815.0,17640.0,17655.0,47955,179688
2024-11-01 23:00:00,17650.0,17665.0,17495.0,17535.0,81186,177637
2024-11-04 10:00:00,17540.0,17580.0,17465.0,17535.0,35786,179390
2024-11-04 11:15:00,17535.0,17575.0,17475.0,17570.0,21618,179257
2024-11-04 14:15:00,17570.0,17640.0,17545.0,17620.0,31891,176409
2024-11-04 15:00:00,17615.0,17680.0,17590.0,17660.0,19626,175240
2024-11-04 22:00:00,17645.0,17710.0,17560.0,17615.0,89320,173469
2024-11-04 23:00:00,17615.0,17660.0,17595.0,17630.0,35689,171171
2024-11-05 10:00:00,17630.0,17685.0,17580.0,17645.0,131878,170951
2024-11-05 11:15:00,17640.0,17775.0,17630.0,17745.0,68864,171514
2024-11-05 14:15:00,17745.0,17850.0,17715.0,17850.0,43176,171961
2024-11-05 15:00:00,17845.0,17995.0,17815.0,17880.0,43885,173016
2024-11-05 22:00:00,17870.0,17900.0,17825.0,17840.0,35671,169291
2024-11-05 23:00:00,17840.0,17960.0,17815.0,17960.0,23171,166613
2024-11-06 10:00:00,17935.0,18145.0,17890.0,18125.0,59438,168519
2024-11-06 11:15:00,18135.0,18145.0,18035.0,18050.0,28669,167585
2024-11-06 14:15:00,18090.0,18165.0,18075.0,18145.0,22716,169256
2024-11-06 15:00:00,18145.0,18180.0,18035.0,18125.0,22398,167680
2024-11-06 22:00:00,18060.0,18210.0,18050.0,18150.0,64331,165992
2024-11-06 23:00:00,18155.0,18190.0,18135.0,18160.0,20703,164961
2024-11-07 10:00:00,18180.0,18375.0,18165.0,18290.0,62250,170338
2024-11-07 11:15:00,18290.0,18320.0,18225.0,18300.0,19860,171003
2024-11-07 14:15:00,18300.0,18310.0,18200.0,18215.0,225488,171705
2024-11-07 15:00:00,18220.0,18285.0,18210.0,18285.0,6441,171331
2024-11-07 22:00:00,18235.0,18650.0,18235.0,18610.0,3321969,178286
2024-11-07 23:00:00,18615.0,18730.0,18580.0,18610.0,1990845,174607
2024-11-08 10:00:00,18655.0,18730.0,18610.0,18655.0,836530,176628
2024-11-08 11:15:00,18665.0,18670.0,18510.0,18540.0,588404,173851
2024-11-08 14:15:00,18540.0,18550.0,18450.0,18480.0,289839,171857
2024-11-08 15:00:00,18500.0,18515.0,18280.0,18355.0,138256,170042
2024-11-08 22:00:00,18260.0,18575.0,18230.0,18515.0,3379752,172527
2024-11-08 23:00:00,18515.0,18570.0,18365.0,18450.0,1533680,167875
2024-11-11 10:00:00,18440.0,18460.0,18260.0,18300.0,955057,166734
2024-11-11 11:15:00,18295.0,18320.0,18155.0,18200.0,608665,165841
2024-11-11 14:15:00,18195.0,18220.0,18100.0,18170.0,224829,165224
2024-11-11 15:00:00,18175.0,18290.0,18170.0,18220.0,85541,165997
2024-11-11 22:00:00,18200.0,18225.0,18045.0,18125.0,1836765,163909
2024-11-11 23:00:00,18120.0,18185.0,18105.0,18170.0,439085,162903
2024-11-12 10:00:00,18155.0,18200.0,18080.0,18125.0,242973,161057
2024-11-12 11:15:00,18130.0,18130.0,17870.0,17910.0,331463,161893
2024-11-12 14:15:00,17915.0,17945.0,17755.0,17830.0,83785,161163
2024-11-12 15:00:00,17835.0,17960.0,17805.0,17905.0,9826,159737
2024-11-12 22:00:00,17920.0,17955.0,17840.0,17885.0,909132,157942
2024-11-12 23:00:00,17885.0,17905.0,17825.0,17840.0,562286,154842
2024-11-13 10:00:00,17820.0,17865.0,17770.0,17830.0,538744,155586
2024-11-13 11:15:00,17830.0,17845.0,17730.0,17810.0,288982,155770
2024-11-13 14:15:00,17810.0,17910.0,17785.0,17890.0,145983,157264
2024-11-13 15:00:00,17890.0,17895.0,17775.0,17815.0,40112,155831
2024-11-13 22:00:00,17840.0,17925.0,17760.0,17780.0,850833,154731
2024-11-13 23:00:00,17780.0,17815.0,17715.0,17725.0,464252,153708
2024-11-14 10:00:00,17715.0,17760.0,17680.0,17705.0,286637,153265
2024-11-14 11:15:00,17705.0,17770.0,17690.0,17755.0,111483,152554
2024-11-14 14:15:00,17755.0,17755.0,17535.0,17635.0,163450,156702
2024-11-14 15:00:00,17635.0,17660.0,17575.0,17620.0,29599,155195
2024-11-14 22:00:00,17710.0,17780.0,17635.0,17645.0,1421730,153448
2024-11-14 23:00:00,17645.0,17695.0,17565.0,17580.0,645379,152740
2024-11-15 10:00:00,17570.0,17615.0,17525.0,17570.0,443415,151788
2024-11-15 11:15:00,17570.0,17665.0,17570.0,17575.0,215250,150712
2024-11-15 14:15:00,17580.0,17600.0,17540.0,17585.0,55035,151854
2024-11-15 15:00:00,17580.0,17650.0,17555.0,17650.0,22333,152776
2024-11-15 22:00:00,17680.0,17720.0,17340.0,17350.0,75810,152928
2024-11-15 23:00:00,17340.0,17410.0,17265.0,17290.0,84536,152144
2024-11-18 10:00:00,17280.0,17320.0,17180.0,17190.0,49491,155509
2024-11-18 11:15:00,17190.0,17345.0,17165.0,17310.0,24449,155387
2024-11-18 14:15:00,17310.0,17405.0,17295.0,17380.0,30991,157463
2024-11-18 15:00:00,17380.0,17415.0,17345.0,17410.0,19343,156183
2024-11-18 22:00:00,17410.0,17415.0,17320.0,17380.0,67376,154488
2024-11-18 23:00:00,17380.0,17440.0,17335.0,17405.0,50894,150986
2024-11-19 10:00:00,17420.0,17505.0,17385.0,17440.0,70350,148092
2024-11-19 11:15:00,17435.0,17500.0,17375.0,17460.0,30436,146818
2024-11-19 14:15:00,17465.0,17560.0,17425.0,17535.0,27811,145736
2024-11-19 15:00:00,17535.0,17555.0,17440.0,17460.0,16993,146055
2024-11-19 22:00:00,17460.0,17540.0,17410.0,17495.0,1501633,144766
2024-11-19 23:00:00,17495.0,17515.0,17435.0,17465.0,637709,142544
2024-11-20 10:00:00,17475.0,17575.0,17465.0,17515.0,718440,142298
2024-11-20 11:15:00,17510.0,17700.0,17500.0,17685.0,600650,144751
2024-11-20 14:15:00,17690.0,17760.0,17670.0,17715.0,331093,145022
2024-11-20 15:00:00,17710.0,17780.0,17690.0,17765.0,30074,144760
2024-11-20 22:00:00,17680.0,17820.0,17650.0,17790.0,1218375,141906
2024-11-20 23:00:00,17785.0,17805.0,17755.0,17780.0,383564,138613
2024-11-21 10:00:00,17765.0,17780.0,17650.0,17715.0,669729,134331
2024-11-21 11:15:00,17715.0,17735.0,17600.0,17625.0,265487,133673
2024-11-21 14:15:00,17625.0,17675.0,17605.0,17655.0,97075,134464
2024-11-21 15:00:00,17655.0,17785.0,17645.0,17720.0,26780,135537
2024-11-21 22:00:00,17705.0,17760.0,17645.0,17650.0,897009,134435
2024-11-21 23:00:00,17650.0,17665.0,17475.0,17505.0,1074571,129888
2024-11-22 10:00:00,17510.0,17525.0,17440.0,17480.0,590131,130388
2024-11-22 11:15:00,17480.0,17495.0,17275.0,17330.0,588347,133521
2024-11-22 14:15:00,17335.0,17370.0,17190.0,17305.0,261715,135942
2024-11-22 15:00:00,17300.0,17380.0,17275.0,17325.0,60261,135150
2024-11-22 22:00:00,17340.0,17435.0,17220.0,17280.0,1526165,131339
2024-11-22 23:00:00,17270.0,17410.0,17270.0,17325.0,1117624,127223
2024-11-25 10:00:00,17335.0,17530.0,17325.0,17490.0,929502,126446
2024-11-25 11:15:00,17490.0,17560.0,17395.0,17415.0,403463,127353
2024-11-25 14:15:00,17420.0,17500.0,17350.0,17380.0,218442,127459
2024-11-25 15:00:00,17380.0,17460.0,17360.0,17460.0,37898,126769
2024-11-25 22:00:00,17470.0,17520.0,17415.0,17450.0,857742,123025
2024-11-25 23:00:00,17450.0,17500.0,17400.0,17460.0,447707,119557
2024-11-26 10:00:00,17440.0,17460.0,17365.0,17390.0,475522,116679
2024-11-26 11:15:00,17395.0,17560.0,17380.0,17520.0,360603,116798
2024-11-26 14:15:00,17520.0,17560.0,17470.0,17510.0,121759,114793
2024-11-26 15:00:00,17510.0,17515.0,17425.0,17470.0,17435,112997
2024-11-26 22:00:00,17470.0,17530.0,17360.0,17420.0,996887,109359
2024-11-26 23:00:00,17420.0,17425.0,17335.0,17410.0,455852,106171
2024-11-27 10:00:00,17410.0,17430.0,17325.0,17410.0,332952,104555
2024-11-27 11:15:00,17410.0,17480.0,17380.0,17440.0,175011,103989
2024-11-27 14:15:00,17440.0,17530.0,17420.0,17530.0,94109,104262
2024-11-27 15:00:00,17530.0,17725.0,17525.0,17695.0,89480,105360
2024-11-27 22:00:00,17970.0,18160.0,17925.0,18140.0,92537,146424
2024-11-27 23:00:00,18145.0,18230.0,18130.0,18175.0,66664,149124
2024-11-28 10:00:00,18165.0,18200.0,18040.0,18125.0,71203,151174
2024-11-28 11:15:00,18130.0,18160.0,18050.0,18075.0,41961,152518
2024-11-28 14:15:00,18075.0,18135.0,18040.0,18100.0,38517,154344
2024-11-28 15:00:00,18100.0,18145.0,18065.0,18125.0,29710,154519
2024-11-28 22:00:00,18070.0,18370.0,18005.0,18355.0,143419,167290
2024-11-28 23:00:00,18360.0,18370.0,18270.0,18330.0,64303,164147
2024-11-29 10:00:00,18315.0,18350.0,18280.0,18320.0,43585,166367
2024-11-29 11:15:00,18320.0,18395.0,18280.0,18365.0,44690,170138
2024-11-29 14:15:00,18360.0,18385.0,18130.0,18205.0,64969,165974
2024-11-29 15:00:00,18210.0,18260.0,18175.0,18260.0,26800,166562
2024-11-29 22:00:00,18280.0,18365.0,18235.0,18290.0,2283713,170799
2024-11-29 23:00:00,18290.0,18320.0,18235.0,18305.0,1200095,168587
2024-12-02 10:00:00,18300.0,18305.0,18155.0,18290.0,1938319,169922
2024-12-02 11:15:00,18290.0,18295.0,18205.0,18225.0,540816,170488
2024-12-02 14:15:00,18220.0,18320.0,18215.0,18270.0,297882,171831
2024-12-02 15:00:00,18270.0,18285.0,18190.0,18210.0,101355,170133
2024-12-02 22:00:00,18190.0,18295.0,18165.0,18235.0,1646180,175172
2024-12-02 23:00:00,18235.0,18285.0,18215.0,18265.0,672552,173993
2024-12-03 10:00:00,18275.0,18455.0,18265.0,18385.0,1823010,181362
2024-12-03 11:15:00,18385.0,18480.0,18305.0,18415.0,800569,183447
2024-12-03 14:15:00,18415.0,18735.0,18415.0,18735.0,721329,197773
2024-12-03 15:00:00,18710.0,18860.0,18685.0,18765.0,309757,198768
2024-12-03 22:00:00,18715.0,18775.0,18645.0,18720.0,2901901,200929
2024-12-03 23:00:00,18720.0,18795.0,18685.0,18755.0,1051472,198960
2024-12-04 10:00:00,18780.0,18835.0,18690.0,18740.0,978515,200507
2024-12-04 11:15:00,18740.0,18740.0,18585.0,18670.0,771551,198080
2024-12-04 14:15:00,18675.0,18730.0,18625.0,18665.0,225566,199451
2024-12-04 15:00:00,18665.0,18740.0,18650.0,18685.0,88654,199310
2024-12-04 22:00:00,18650.0,18950.0,18540.0,18930.0,4647684,210797
2024-12-04 23:00:00,18930.0,18945.0,18755.0,18785.0,1879945,205362
2024-12-05 10:00:00,18780.0,18840.0,18620.0,18705.0,1579391,202237
2024-12-05 11:15:00,18705.0,18745.0,18625.0,18715.0,814139,203215
2024-12-05 14:15:00,18710.0,18795.0,18670.0,18760.0,423530,203876
2024-12-05 15:00:00,18765.0,18795.0,18640.0,18640.0,117748,201309
2024-12-05 22:00:00,18690.0,18835.0,18665.0,18790.0,3224900,208712
2024-12-05 23:00:00,18790.0,18805.0,18685.0,18735.0,1284607,203584
2024-12-06 10:00:00,18740.0,18850.0,18730.0,18760.0,1214492,205176
2024-12-06 11:15:00,18755.0,19130.0,18735.0,19090.0,1742909,218910
2024-12-06 14:15:00,19090.0,19175.0,19015.0,19070.0,660281,216956
2024-12-06 15:00:00,19070.0,19075.0,18940.0,19030.0,112237,211664
2024-12-06 22:00:00,18970.0,19040.0,18830.0,18885.0,163201,210997
2024-12-06 23:00:00,18885.0,18945.0,18825.0,18855.0,85051,207024
2024-12-09 10:00:00,18850.0,18890.0,18685.0,18790.0,70221,206393
2024-12-09 11:15:00,18805.0,18850.0,18765.0,18795.0,44662,207105
2024-12-09 14:15:00,18795.0,18825.0,18545.0,18635.0,121694,204464
2024-12-09 15:00:00,18635.0,18750.0,18625.0,18740.0,56631,201903
2024-12-09 22:00:00,18900.0,18920.0,18760.0,18785.0,468789,208211
2024-12-09 23:00:00,18785.0,18880.0,18770.0,18870.0,236825,204037
2024-12-10 10:00:00,18870.0,18870.0,18610.0,18680.0,364557,204267
2024-12-10 11:15:00,18680.0,18745.0,18645.0,18695.0,185752,203682
2024-12-10 14:15:00,18700.0,18700.0,18560.0,18585.0,79304,204584
2024-12-10 15:00:00,18580.0,18615.0,18405.0,18530.0,89669,198032
2024-12-10 22:00:00,18525.0,18620.0,18455.0,18605.0,230809,203874
2024-12-10 23:00:00,18605.0,18620.0,18555.0,18600.0,124243,201472
2024-12-11 10:00:00,18605.0,18695.0,18585.0,18670.0,125594,205004
2024-12-11 11:15:00,18670.0,18725.0,18650.0,18685.0,67917,205231
2024-12-11 14:15:00,18685.0,18830.0,18665.0,18785.0,95553,210678
2024-12-11 15:00:00,18785.0,18855.0,18745.0,18830.0,70347,210116
2024-12-11 22:00:00,18835.0,18840.0,18730.0,18740.0,293335,210599
2024-12-11 23:00:00,18745.0,18810.0,18740.0,18790.0,137451,208729
2024-12-12 10:00:00,18790.0,18890.0,18770.0,18855.0,199361,213006
2024-12-12 11:15:00,18855.0,18855.0,18655.0,18675.0,160148,207497
2024-12-12 14:15:00,18680.0,18730.0,18620.0,18680.0,68927,209337
2024-12-12 15:00:00,18680.0,18760.0,18640.0,18750.0,50115,208638
2024-12-12 22:00:00,18650.0,18700.0,18455.0,18485.0,515328,211397
2024-12-12 23:00:00,18490.0,18510.0,18420.0,18455.0,225765,210253
2024-12-13 10:00:00,18455.0,18475.0,18350.0,18420.0,154472,208836
2024-12-13 11:15:00,18425.0,18455.0,18375.0,18375.0,39113,209505
2024-12-13 14:15:00,18375.0,18610.0,18375.0,18580.0,83370,206218
2024-12-13 15:00:00,18580.0,18600.0,18470.0,18525.0,56358,200404
2024-12-13 22:00:00,18515.0,18550.0,18450.0,18495.0,276384,204635
2024-12-13 23:00:00,18495.0,18515.0,18455.0,18460.0,160270,200851
2024-12-16 10:00:00,18520.0,18615.0,18380.0,18420.0,247300,202253
2024-12-16 11:15:00,18430.0,18440.0,18320.0,18400.0,117488,202398
2024-12-16 14:15:00,18400.0,18480.0,18390.0,18450.0,101634,199682
2024-12-16 15:00:00,18450.0,18535.0,18450.0,18480.0,91106,197015
2024-12-16 22:00:00,18470.0,18525.0,18435.0,18500.0,109722,200765
2024-12-16 23:00:00,18500.0,18585.0,18485.0,18575.0,114593,199520
2024-12-17 10:00:00,18560.0,18585.0,18395.0,18435.0,128451,199891
2024-12-17 11:15:00,18435.0,18455.0,18345.0,18405.0,67596,202522
2024-12-17 14:15:00,18405.0,18430.0,18305.0,18335.0,81475,205759
2024-12-17 15:00:00,18335.0,18380.0,18270.0,18320.0,68399,203902
2024-12-17 22:00:00,18285.0,18320.0,17925.0,17970.0,6129080,212592
2024-12-17 23:00:00,17960.0,18030.0,17925.0,17950.0,2528743,208027
2024-12-18 10:00:00,17985.0,17990.0,17875.0,17935.0,1965212,208398
2024-12-18 11:15:00,17930.0,17965.0,17875.0,17905.0,643587,207692
2024-12-18 14:15:00,17900.0,17965.0,17865.0,17875.0,371521,208742
2024-12-18 15:00:00,17870.0,17890.0,17770.0,17825.0,239642,204719
2024-12-18 22:00:00,17855.0,17895.0,17835.0,17860.0,1608495,207093
2024-12-18 23:00:00,17860.0,17865.0,17805.0,17845.0,1327723,204998
2024-12-19 10:00:00,17845.0,17845.0,17690.0,17710.0,2041050,203648
2024-12-19 11:15:00,17710.0,17760.0,17645.0,17660.0,705741,203359
2024-12-19 14:15:00,17655.0,17660.0,17515.0,17570.0,694998,204672
2024-12-19 15:00:00,17565.0,17680.0,17560.0,17595.0,207221,200401
2024-12-19 22:00:00,17635.0,17775.0,17595.0,17735.0,247053,201910
2024-12-19 23:00:00,17735.0,17760.0,17680.0,17720.0,90488,197749
2024-12-20 10:00:00,17715.0,17770.0,17685.0,17755.0,259770,199347
2024-12-20 11:15:00,17755.0,17760.0,17645.0,17675.0,58056,199851
2024-12-20 14:15:00,17675.0,17745.0,17635.0,17665.0,54359,201057
2024-12-20 15:00:00,17660.0,17690.0,17645.0,17660.0,34536,198640
2024-12-20 22:00:00,17590.0,17600.0,17330.0,17480.0,403244,208079
2024-12-20 23:00:00,17485.0,17535.0,17415.0,17515.0,83421,203860
2024-12-23 10:00:00,17485.0,17555.0,17450.0,17500.0,72697,204847
2024-12-23 11:15:00,17505.0,17585.0,17485.0,17565.0,453224,205070
2024-12-23 14:15:00,17565.0,17605.0,17510.0,17535.0,51948,205966
2024-12-23 15:00:00,17525.0,17545.0,17485.0,17495.0,41551,204311
2024-12-23 22:00:00,17505.0,17535.0,17420.0,17500.0,84582,207992
2024-12-23 23:00:00,17500.0,17530.0,17455.0,17490.0,39335,205581
2024-12-24 10:00:00,17525.0,17535.0,17460.0,17510.0,42944,205857
2024-12-24 11:15:00,17510.0,17610.0,17485.0,17600.0,61827,207447
2024-12-24 14:15:00,17600.0,17600.0,17530.0,17565.0,49206,206581
2024-12-24 15:00:00,17565.0,17635.0,17535.0,17625.0,40751,205821
2024-12-24 22:00:00,17675.0,17785.0,17625.0,17735.0,122847,211775
2024-12-24 23:00:00,17740.0,17750.0,17705.0,17725.0,37061,209218
2024-12-25 10:00:00,17730.0,17770.0,17720.0,17760.0,35594,209618
2024-12-25 11:15:00,17760.0,17765.0,17555.0,17575.0,93669,209412
2024-12-25 14:15:00,17580.0,17660.0,17545.0,17640.0,57291,207271
2024-12-25 15:00:00,17640.0,17760.0,17625.0,17705.0,60178,204518
2024-12-25 22:00:00,17720.0,17720.0,17640.0,17665.0,69311,208549
2024-12-25 23:00:00,17660.0,17675.0,17625.0,17665.0,41602,207151
2024-12-26 10:00:00,17660.0,17700.0,17635.0,17670.0,38189,207809
2024-12-26 11:15:00,17670.0,17700.0,17580.0,17650.0,75253,207399
2024-12-26 14:15:00,17645.0,17660.0,17525.0,17555.0,73015,209702
2024-12-26 15:00:00,17555.0,17600.0,17500.0,17505.0,53620,207856
2024-12-26 22:00:00,17525.0,17585.0,17470.0,17505.0,86166,210199
2024-12-26 23:00:00,17505.0,17525.0,17450.0,17495.0,49143,208031
2024-12-27 10:00:00,17490.0,17685.0,17475.0,17645.0,114713,207768
2024-12-27 11:15:00,17650.0,17745.0,17630.0,17720.0,62118,207839
2024-12-27 14:15:00,17720.0,17725.0,17650.0,17655.0,54994,207443
2024-12-27 15:00:00,17655.0,17675.0,17630.0,17645.0,43070,204946
2024-12-27 22:00:00,17700.0,17770.0,17655.0,17720.0,93163,207100
2024-12-27 23:00:00,17720.0,17735.0,17665.0,17675.0,41677,204185
2024-12-30 10:00:00,17685.0,17735.0,17540.0,17720.0,290553,204430
2024-12-30 11:15:00,17725.0,17755.0,17665.0,17725.0,302829,204361
2024-12-30 14:15:00,17725.0,17885.0,17690.0,17865.0,103508,208128
2024-12-30 15:00:00,17865.0,17930.0,17845.0,17885.0,96921,205623
2024-12-30 22:00:00,17905.0,17905.0,17790.0,17830.0,79674,207357
2024-12-30 23:00:00,17825.0,17865.0,17820.0,17830.0,39808,204983
2024-12-31 10:00:00,17825.0,17840.0,17770.0,17800.0,59755,205557
2024-12-31 11:15:00,17800.0,17820.0,17760.0,17780.0,46880,205115
2024-12-31 14:15:00,17785.0,17820.0,17745.0,17760.0,43139,202710
2024-12-31 15:00:00,17760.0,17850.0,17760.0,17820.0,350636,198466
2025-01-02 10:00:00,17800.0,17845.0,17705.0,17715.0,100801,203010
2025-01-02 11:15:00,17715.0,17805.0,17700.0,17765.0,73554,203489
2025-01-02 14:15:00,17765.0,17795.0,17565.0,17605.0,279045,205330
2025-01-02 15:00:00,17600.0,17645.0,17550.0,17575.0,35397,203191
2025-01-02 22:00:00,17585.0,17645.0,17375.0,17395.0,144807,213847
2025-01-02 23:00:00,17395.0,17395.0,17145.0,17175.0,196396,215850
2025-01-03 10:00:00,17180.0,17210.0,17050.0,17075.0,94871,217359
2025-01-03 11:15:00,17075.0,17080.0,16680.0,16800.0,153582,215188
2025-01-03 14:15:00,16810.0,16845.0,16735.0,16780.0,71105,214242
2025-01-03 15:00:00,16780.0,16840.0,16765.0,16840.0,13658,209778
2025-01-03 22:00:00,16905.0,16920.0,16790.0,16850.0,128076,210978
2025-01-03 23:00:00,16855.0,16895.0,16820.0,16870.0,47394,207427
2025-01-06 10:00:00,16850.0,16870.0,16775.0,16820.0,82538,208137
2025-01-06 11:15:00,16820.0,16865.0,16765.0,16815.0,48621,207935
2025-01-06 14:15:00,16815.0,16825.0,16665.0,16720.0,98798,206896
2025-01-06 15:00:00,16720.0,16755.0,16665.0,16750.0,50820,203936
2025-01-06 22:00:00,16820.0,16895.0,16725.0,16775.0,118363,207425
2025-01-06 23:00:00,16775.0,16795.0,16720.0,16735.0,46640,205373
2025-01-07 10:00:00,16715.0,16725.0,16620.0,16645.0,80328,209122
2025-01-07 11:15:00,16645.0,16685.0,16380.0,16420.0,122152,213648
2025-01-07 14:15:00,16415.0,16600.0,16370.0,16575.0,85043,210034
2025-01-07 15:00:00,16575.0,16635.0,16560.0,16630.0,51742,205247
2025-01-07 22:00:00,16710.0,16730.0,16640.0,16690.0,94988,206362
2025-01-07 23:00:00,16690.0,16720.0,16665.0,16700.0,36996,204003
2025-01-08 10:00:00,16705.0,16830.0,16680.0,16780.0,88447,205761
2025-01-08 11:15:00,16780.0,16800.0,16735.0,16770.0,50408,203679
2025-01-08 14:15:00,16770.0,16800.0,16705.0,16785.0,56084,203194
2025-01-08 15:00:00,16785.0,16800.0,16745.0,16795.0,37357,200530
2025-01-08 22:00:00,16800.0,16815.0,16680.0,16750.0,95395,203081
2025-01-08 23:00:00,16750.0,16870.0,16745.0,16835.0,89405,201042
2025-01-09 10:00:00,16830.0,16835.0,16750.0,16770.0,293155,202052
2025-01-09 11:15:00,16765.0,16915.0,16740.0,16905.0,69226,202440
2025-01-09 14:15:00,16905.0,16975.0,16845.0,16920.0,90516,201896
2025-01-09 15:00:00,16915.0,16955.0,16890.0,16910.0,38948,198310
2025-01-09 22:00:00,16920.0,17025.0,16905.0,16970.0,108567,199522
2025-01-09 23:00:00,16975.0,16990.0,16925.0,16980.0,40711,197303
2025-01-10 10:00:00,16990.0,17055.0,16965.0,17005.0,66281,197531
2025-01-10 11:15:00,17000.0,17005.0,16945.0,16955.0,57871,197101
2025-01-10 14:15:00,16950.0,17115.0,16905.0,17095.0,104494,194842
2025-01-10 15:00:00,17090.0,17125.0,16965.0,16980.0,64445,190349
2025-01-10 22:00:00,17005.0,17015.0,16865.0,16990.0,123280,193857
2025-01-10 23:00:00,16990.0,17085.0,16965.0,17050.0,94088,190682
2025-01-13 10:00:00,17065.0,17215.0,17020.0,17215.0,47468,193499
2025-01-13 11:15:00,17225.0,17225.0,17145.0,17165.0,33245,193296
2025-01-13 14:15:00,17165.0,17170.0,17055.0,17095.0,57659,194641
2025-01-13 15:00:00,17090.0,17095.0,16975.0,17020.0,51650,192142
2025-01-13 22:00:00,16985.0,17000.0,16880.0,16945.0,113986,197068
2025-01-13 23:00:00,16945.0,17030.0,16940.0,16985.0,65533,196206
2025-01-14 10:00:00,16995.0,17150.0,16995.0,17125.0,82796,197718
2025-01-14 11:15:00,17130.0,17290.0,17115.0,17225.0,480353,196388
2025-01-14 14:15:00,17220.0,17270.0,17185.0,17235.0,44664,197051
2025-01-14 15:00:00,17235.0,17365.0,17230.0,17360.0,64542,197719
2025-01-14 22:00:00,17375.0,17375.0,17260.0,17275.0,91281,200019
2025-01-14 23:00:00,17270.0,17305.0,17260.0,17285.0,38955,196274
2025-01-15 10:00:00,17295.0,17340.0,17270.0,17335.0,57317,198185
2025-01-15 11:15:00,17330.0,17455.0,17315.0,17405.0,68311,198010
2025-01-15 14:15:00,17400.0,17460.0,17325.0,17425.0,63958,195402
2025-01-15 15:00:00,17425.0,17440.0,17370.0,17425.0,37300,191907
2025-01-15 22:00:00,17405.0,17680.0,17370.0,17615.0,179178,197141
2025-01-15 23:00:00,17610.0,17645.0,17580.0,17630.0,60816,194340
2025-01-16 10:00:00,17645.0,17645.0,17505.0,17540.0,64367,192014
2025-01-16 11:15:00,17540.0,17610.0,17510.0,17570.0,34186,192030
2025-01-16 14:15:00,17570.0,17585.0,17475.0,17575.0,25269,190410
2025-01-16 15:00:00,17575.0,17600.0,17560.0,17560.0,11414,187930
2025-01-16 22:00:00,17525.0,17625.0,17490.0,17520.0,107852,188679
2025-01-16 23:00:00,17515.0,17530.0,17380.0,17485.0,112766,185207
2025-01-17 10:00:00,17470.0,17595.0,17450.0,17520.0,67820,185473
2025-01-17 11:15:00,17515.0,17605.0,17505.0,17580.0,35320,186250
2025-01-17 14:15:00,17580.0,17650.0,17495.0,17500.0,16757,185525
2025-01-17 15:00:00,17515.0,17525.0,17430.0,17475.0,20553,183604
2025-01-17 22:00:00,17440.0,17505.0,17340.0,17350.0,129169,186172
2025-01-17 23:00:00,17345.0,17440.0,17340.0,17435.0,74986,181735
2025-01-20 10:00:00,17445.0,17485.0,17350.0,17405.0,66919,183687
2025-01-20 11:15:00,17405.0,17410.0,17220.0,17315.0,47714,182986
2025-01-20 14:15:00,17315.0,17400.0,17310.0,17375.0,48118,182895
2025-01-20 15:00:00,17370.0,17430.0,17370.0,17415.0,37795,181607
2025-01-20 22:00:00,17440.0,17760.0,17435.0,17680.0,191642,189878
2025-01-20 23:00:00,17680.0,17730.0,17630.0,17730.0,67174,186610
2025-01-21 10:00:00,17710.0,17740.0,17605.0,17615.0,68601,184107
2025-01-21 11:15:00,17615.0,17660.0,17505.0,17565.0,66699,182135
2025-01-21 14:15:00,17570.0,17585.0,17485.0,17525.0,53105,183329
2025-01-21 15:00:00,17530.0,17545.0,17370.0,17390.0,51213,180946
2025-01-21 22:00:00,17370.0,17480.0,17325.0,17450.0,127271,183940
2025-01-21 23:00:00,17450.0,17455.0,17390.0,17420.0,42569,181040
2025-01-22 10:00:00,17435.0,17500.0,17400.0,17430.0,63818,181076
2025-01-22 11:15:00,17430.0,17455.0,17360.0,17415.0,54009,180957
2025-01-22 14:15:00,17410.0,17420.0,17325.0,17350.0,58530,182352
2025-01-22 15:00:00,17350.0,17445.0,17350.0,17435.0,51419,178741
2025-01-22 22:00:00,17445.0,17635.0,17430.0,17540.0,152638,181536
2025-01-22 23:00:00,17540.0,17540.0,17255.0,17315.0,123172,179127
2025-01-23 10:00:00,17320.0,17430.0,17320.0,17370.0,55322,178592
2025-01-23 11:15:00,17365.0,17385.0,17280.0,17315.0,46303,180833
2025-01-23 14:15:00,17310.0,17340.0,17245.0,17280.0,57394,179896
2025-01-23 15:00:00,17280.0,17320.0,17225.0,17310.0,51178,177228
2025-01-23 22:00:00,17335.0,17335.0,17155.0,17230.0,126683,176557
2025-01-23 23:00:00,17230.0,17230.0,17140.0,17195.0,61219,172559
2025-01-24 10:00:00,17180.0,17190.0,17040.0,17175.0,84639,173745
2025-01-24 11:15:00,17180.0,17325.0,17160.0,17285.0,43912,172380
2025-01-24 14:15:00,17290.0,17430.0,17285.0,17405.0,57975,170772
2025-01-24 15:00:00,17405.0,17490.0,17400.0,17430.0,47048,165995
2025-01-24 22:00:00,17425.0,17445.0,17280.0,17305.0,128181,165216
2025-01-24 23:00:00,17305.0,17330.0,17270.0,17310.0,148396,163558
2025-01-27 10:00:00,17295.0,17355.0,17225.0,17240.0,47862,163215
2025-01-27 11:15:00,17240.0,17300.0,17185.0,17275.0,29043,161909
2025-01-27 14:15:00,17275.0,17420.0,17270.0,17415.0,37114,160285
2025-01-27 15:00:00,17420.0,17475.0,17410.0,17450.0,33004,156263
2025-02-05 10:00:00,17350.0,17395.0,17140.0,17170.0,90854,161217
2025-02-05 11:15:00,17165.0,17170.0,16840.0,16895.0,35282,168147
2025-02-05 14:15:00,16895.0,17075.0,16875.0,17010.0,53801,166090
2025-02-05 15:00:00,17010.0,17120.0,16985.0,17065.0,28335,163214
2025-02-05 22:00:00,17040.0,17180.0,17025.0,17075.0,73894,168935
2025-02-05 23:00:00,17075.0,17140.0,17025.0,17110.0,39792,167041
2025-02-06 10:00:00,17115.0,17215.0,17105.0,17195.0,54158,170557
2025-02-06 11:15:00,17200.0,17275.0,17190.0,17250.0,24916,171739
2025-02-06 14:15:00,17255.0,17335.0,17250.0,17275.0,51282,174080
2025-02-06 15:00:00,17275.0,17295.0,17230.0,17290.0,30048,171606
2025-02-06 22:00:00,17290.0,17595.0,17275.0,17520.0,199146,181165
2025-02-06 23:00:00,17515.0,17560.0,17480.0,17480.0,52563,177695
2025-02-07 10:00:00,17480.0,17525.0,17445.0,17515.0,53109,177501
2025-02-07 11:15:00,17515.0,17565.0,17510.0,17555.0,20507,177884
2025-02-07 14:15:00,17555.0,17555.0,17425.0,17465.0,15703,177058
2025-02-07 15:00:00,17450.0,17515.0,17410.0,17500.0,23221,175217
2025-02-07 22:00:00,17460.0,17465.0,17250.0,17315.0,124237,174986
2025-02-07 23:00:00,17320.0,17410.0,17295.0,17305.0,53677,172714
2025-02-10 10:00:00,17305.0,17305.0,17205.0,17275.0,50865,176367
2025-02-10 11:15:00,17285.0,17330.0,17245.0,17300.0,26789,176323
2025-02-10 14:15:00,17300.0,17340.0,17270.0,17330.0,36454,176335
2025-02-10 15:00:00,17330.0,17525.0,17325.0,17520.0,77006,176726
2025-02-10 22:00:00,17525.0,17665.0,17500.0,17525.0,119846,179648
2025-02-10 23:00:00,17530.0,17535.0,17445.0,17500.0,48443,176466
2025-02-11 10:00:00,17510.0,17560.0,17435.0,17460.0,231857,176131
2025-02-11 11:15:00,17455.0,17550.0,17370.0,17410.0,360657,176942
2025-02-11 14:15:00,17415.0,17530.0,17375.0,17380.0,60472,177749
2025-02-11 15:00:00,17380.0,17435.0,17345.0,17385.0,46131,175730
2025-02-11 22:00:00,17330.0,17470.0,17275.0,17430.0,93128,180972
2025-02-11 23:00:00,17430.0,17440.0,17380.0,17425.0,38251,178351
2025-02-12 10:00:00,17415.0,17510.0,17410.0,17510.0,50766,182253
2025-02-12 11:15:00,17510.0,17535.0,17450.0,17475.0,51514,181528
2025-02-12 14:15:00,17475.0,17705.0,17395.0,17665.0,138960,190988
2025-02-12 15:00:00,17665.0,17830.0,17525.0,17825.0,137749,195058
2025-02-12 22:00:00,17800.0,17840.0,17755.0,17780.0,128174,201889
2025-02-12 23:00:00,17780.0,17790.0,17710.0,17710.0,57973,195838
2025-02-13 10:00:00,17700.0,17735.0,17665.0,17710.0,67362,195551
2025-02-13 11:15:00,17710.0,17875.0,17670.0,17805.0,110443,199421
2025-02-13 14:15:00,17805.0,17845.0,17710.0,17740.0,68521,195664
2025-02-13 15:00:00,17745.0,17750.0,17585.0,17605.0,61654,188700
2025-02-13 22:00:00,17605.0,17735.0,17605.0,17680.0,97877,191522
2025-02-13 23:00:00,17680.0,17720.0,17655.0,17700.0,42521,190269
2025-02-14 10:00:00,17720.0,17920.0,17705.0,17890.0,120716,197105
2025-02-14 11:15:00,17905.0,17975.0,17855.0,17950.0,73767,199733
2025-02-14 14:15:00,17945.0,18000.0,17905.0,17955.0,48273,200662
2025-02-14 15:00:00,17955.0,17970.0,17880.0,17935.0,26557,195531
2025-02-14 22:00:00,17965.0,18005.0,17875.0,17955.0,118932,197807
2025-02-14 23:00:00,17950.0,18075.0,17920.0,18025.0,90929,197388
2025-02-17 10:00:00,18010.0,18010.0,17775.0,17815.0,47686,191693
2025-02-17 11:15:00,17810.0,17885.0,17795.0,17855.0,33390,192521
2025-02-17 14:15:00,17855.0,17895.0,17770.0,17820.0,49599,191039
2025-02-17 15:00:00,17815.0,17880.0,17790.0,17805.0,36469,189010
2025-02-17 22:00:00,17785.0,17940.0,17725.0,17885.0,116375,192383
2025-02-17 23:00:00,17885.0,17885.0,17650.0,17735.0,107473,188986
2025-02-18 10:00:00,17745.0,17785.0,17685.0,17755.0,65278,190261
2025-02-18 11:15:00,17750.0,17885.0,17720.0,17875.0,69549,190275
2025-02-18 14:15:00,17880.0,17915.0,17850.0,17890.0,62482,192938
2025-02-18 15:00:00,17890.0,17895.0,17810.0,17870.0,51392,189575
2025-02-18 22:00:00,17845.0,17850.0,17760.0,17820.0,99863,191615
2025-02-18 23:00:00,17825.0,17850.0,17785.0,17815.0,46162,188872
2025-02-19 10:00:00,17825.0,17880.0,17685.0,17770.0,389772,191212
2025-02-19 11:15:00,17765.0,17815.0,17745.0,17755.0,49749,190754
2025-02-19 14:15:00,17755.0,17765.0,17655.0,17730.0,102761,194195
2025-02-19 15:00:00,17730.0,17815.0,17730.0,17780.0,61636,191016
2025-02-19 22:00:00,17825.0,17860.0,17790.0,17820.0,68993,193258
2025-02-19 23:00:00,17820.0,17835.0,17770.0,17835.0,37262,191379
2025-02-20 10:00:00,17820.0,17930.0,17820.0,17880.0,77964,195330
2025-02-20 11:15:00,17880.0,17975.0,17815.0,17940.0,80594,200932
2025-02-20 14:15:00,17940.0,18005.0,17920.0,17975.0,47842,204027
2025-02-20 15:00:00,17980.0,17985.0,17925.0,17950.0,35818,202504
2025-02-20 22:00:00,17970.0,18215.0,17970.0,18185.0,151678,210475
2025-02-20 23:00:00,18185.0,18230.0,18165.0,18225.0,41132,209370
2025-02-21 10:00:00,18190.0,18210.0,18105.0,18110.0,58537,205421
2025-02-21 11:15:00,18110.0,18125.0,17975.0,17980.0,49577,203317
2025-02-21 14:15:00,17980.0,18030.0,17855.0,17925.0,81007,202039
2025-02-21 15:00:00,17920.0,17930.0,17835.0,17845.0,45790,200338
2025-02-21 22:00:00,17820.0,17900.0,17810.0,17840.0,68389,202763
2025-02-21 23:00:00,17840.0,17865.0,17775.0,17820.0,44693,199091
2025-02-24 10:00:00,17795.0,17935.0,17780.0,17915.0,39781,199809
2025-02-24 11:15:00,17920.0,17950.0,17870.0,17905.0,216298,199756
2025-02-24 14:15:00,17905.0,17930.0,17825.0,17895.0,39837,199508
2025-02-24 15:00:00,17895.0,17910.0,17865.0,17895.0,287632,198705
2025-02-24 22:00:00,17950.0,18050.0,17925.0,17945.0,97646,200853
2025-02-24 23:00:00,17945.0,18020.0,17945.0,17960.0,41696,199247
2025-02-25 10:00:00,17960.0,17970.0,17850.0,17940.0,258869,197157
2025-02-25 11:15:00,17940.0,17960.0,17910.0,17935.0,25984,197403
2025-02-25 14:15:00,17940.0,18045.0,17935.0,17975.0,69522,199552
2025-02-25 15:00:00,17975.0,17975.0,17630.0,17650.0,140859,197534
2025-02-25 22:00:00,17620.0,17725.0,17620.0,17705.0,74561,197721
2025-02-25 23:00:00,17710.0,17760.0,17675.0,17705.0,46427,193390
2025-02-26 10:00:00,17695.0,17695.0,17565.0,17630.0,75211,191137
2025-02-26 11:15:00,17630.0,17640.0,17515.0,17560.0,54054,191335
2025-02-26 14:15:00,17560.0,17575.0,17490.0,17545.0,34854,191233
2025-02-26 15:00:00,17550.0,17605.0,17545.0,17600.0,25352,189098
2025-02-26 22:00:00,17640.0,17655.0,17520.0,17535.0,73892,190811
2025-02-26 23:00:00,17535.0,17550.0,17440.0,17535.0,54847,188675
2025-02-27 10:00:00,17515.0,17575.0,17470.0,17520.0,42376,189635
2025-02-27 11:15:00,17520.0,17595.0,17485.0,17580.0,38617,190211
2025-02-27 14:15:00,17580.0,17670.0,17550.0,17640.0,821852,190044
2025-02-27 15:00:00,17640.0,17715.0,17620.0,17685.0,317746,186647
2025-02-27 22:00:00,17740.0,17775.0,17680.0,17695.0,81118,186407
2025-02-27 23:00:00,17695.0,17720.0,17665.0,17715.0,33597,183577
2025-02-28 10:00:00,17720.0,17720.0,17625.0,17660.0,202074,185319
2025-02-28 11:15:00,17660.0,17690.0,17630.0,17670.0,213735,184037
2025-02-28 14:15:00,17665.0,17695.0,17565.0,17595.0,286929,186320
2025-02-28 15:00:00,17600.0,17740.0,17555.0,17710.0,57627,185212
2025-02-28 22:00:00,17795.0,17815.0,17685.0,17700.0,65577,186164
2025-02-28 23:00:00,17700.0,17740.0,17670.0,17700.0,32318,183503
2025-03-03 10:00:00,17700.0,17845.0,17680.0,17810.0,69527,186820
2025-03-03 11:15:00,17810.0,17835.0,17745.0,17760.0,32131,185407
2025-03-03 14:15:00,17755.0,17865.0,17690.0,17715.0,66526,188547
2025-03-03 15:00:00,17715.0,17760.0,17695.0,17755.0,35023,186637
2025-03-03 22:00:00,17775.0,17880.0,17770.0,17850.0,88717,189457
2025-03-03 23:00:00,17850.0,17865.0,17820.0,17860.0,27914,187440
2025-03-04 10:00:00,17840.0,17840.0,17715.0,17770.0,71556,184642
2025-03-04 11:15:00,17765.0,17805.0,17640.0,17785.0,75442,186500
2025-03-04 14:15:00,17785.0,17835.0,17725.0,17745.0,53136,188361
2025-03-04 15:00:00,17745.0,17755.0,17645.0,17665.0,51859,187018
2025-03-04 22:00:00,17610.0,17610.0,17285.0,17340.0,174869,195052
2025-03-04 23:00:00,17340.0,17430.0,17340.0,17355.0,59327,191615
2025-03-05 10:00:00,17365.0,17375.0,17295.0,17320.0,317985,193172
2025-03-05 11:15:00,17320.0,17355.0,17275.0,17320.0,341261,192916
2025-03-05 14:15:00,17315.0,17405.0,17300.0,17400.0,387686,192750
2025-03-05 15:00:00,17400.0,17425.0,17340.0,17375.0,421962,189547
2025-03-05 22:00:00,17420.0,17440.0,17260.0,17280.0,94731,186855
2025-03-05 23:00:00,17275.0,17285.0,17225.0,17250.0,58834,184446
2025-03-06 10:00:00,17270.0,17430.0,17270.0,17420.0,62725,182237
2025-03-06 11:15:00,17420.0,17520.0,17405.0,17495.0,58696,180476
2025-03-06 14:15:00,17490.0,17515.0,17455.0,17500.0,41428,183005
2025-03-06 15:00:00,17505.0,17575.0,17485.0,17565.0,46142,180639
2025-03-06 22:00:00,17585.0,17585.0,17495.0,17510.0,67514,180236
2025-03-06 23:00:00,17510.0,17590.0,17510.0,17565.0,44985,177916
2025-03-07 10:00:00,17555.0,17555.0,17440.0,17460.0,56939,177727
2025-03-07 11:15:00,17460.0,17550.0,17455.0,17515.0,38833,177364
2025-03-07 14:15:00,17510.0,17560.0,17350.0,17375.0,347602,180752
2025-03-07 15:00:00,17380.0,17415.0,17340.0,17380.0,46720,178867
2025-03-07 22:00:00,17310.0,17320.0,17140.0,17205.0,122995,183444
2025-03-07 23:00:00,17205.0,17255.0,17175.0,17230.0,39211,179053
2025-03-10 10:00:00,17225.0,17295.0,17170.0,17235.0,61359,180790
2025-03-10 11:15:00,17235.0,17265.0,17145.0,17185.0,35607,183428
2025-03-10 14:15:00,17185.0,17195.0,17060.0,17075.0,45118,189343
2025-03-10 15:00:00,17070.0,17120.0,17055.0,17100.0,25882,188049
2025-03-10 22:00:00,17080.0,17130.0,17025.0,17080.0,67275,187306
2025-03-10 23:00:00,17080.0,17120.0,17040.0,17090.0,33542,185416
2025-03-11 10:00:00,17015.0,17085.0,16925.0,17075.0,68714,185749
2025-03-11 11:15:00,17075.0,17155.0,17060.0,17125.0,47995,183623
2025-03-11 14:15:00,17125.0,17175.0,17085.0,17145.0,34144,184566
2025-03-11 15:00:00,17145.0,17155.0,17095.0,17145.0,26920,183087
2025-03-11 22:00:00,17215.0,17225.0,17150.0,17165.0,57539,181084
2025-03-11 23:00:00,17170.0,17180.0,17125.0,17135.0,27843,179265
2025-03-12 10:00:00,17150.0,17195.0,17125.0,17170.0,34354,179614
2025-03-12 11:15:00,17165.0,17175.0,17090.0,17105.0,181293,179672
2025-03-12 14:15:00,17105.0,17345.0,17075.0,17240.0,115330,177926
2025-03-12 15:00:00,17240.0,17245.0,17165.0,17245.0,50674,176573
2025-03-12 22:00:00,17285.0,17285.0,17170.0,17175.0,62620,177653
2025-03-12 23:00:00,17170.0,17190.0,17140.0,17165.0,30778,175330
2025-03-13 10:00:00,17165.0,17200.0,17115.0,17140.0,43432,175734
2025-03-13 11:15:00,17140.0,17205.0,17120.0,17130.0,31806,175518
2025-03-13 14:15:00,17130.0,17145.0,17025.0,17060.0,41286,178065
2025-03-13 15:00:00,17060.0,17135.0,17045.0,17075.0,37416,175194
2025-03-13 22:00:00,17060.0,17130.0,17035.0,17040.0,58449,174087
2025-03-13 23:00:00,17040.0,17135.0,17020.0,17120.0,42224,170961
2025-03-14 10:00:00,17130.0,17175.0,17105.0,17165.0,46227,170522
2025-03-14 11:15:00,17165.0,17195.0,17130.0,17185.0,31938,170872
2025-03-14 14:15:00,17190.0,17200.0,17065.0,17085.0,44409,173043
2025-03-14 15:00:00,17085.0,17210.0,17085.0,17180.0,32265,171377
2025-03-14 22:00:00,17170.0,17170.0,16965.0,16975.0,102008,177434
2025-03-14 23:00:00,16970.0,16985.0,16915.0,16930.0,52167,175583
2025-03-17 10:00:00,16965.0,17155.0,16945.0,16945.0,77172,173389
2025-03-17 11:15:00,16945.0,16975.0,16875.0,16950.0,46341,175499
2025-03-17 14:15:00,16950.0,16965.0,16855.0,16875.0,37550,180226
2025-03-17 15:00:00,16880.0,16930.0,16855.0,16920.0,26923,177875
2025-03-17 22:00:00,16905.0,16950.0,16840.0,16900.0,56363,180047
2025-03-17 23:00:00,16900.0,16905.0,16850.0,16865.0,24919,179053
2025-03-18 10:00:00,16880.0,16970.0,16880.0,16960.0,42526,174779
2025-03-18 11:15:00,16960.0,16995.0,16930.0,16940.0,27864,174136
2025-03-18 14:15:00,16945.0,16965.0,16885.0,16910.0,27320,174075
2025-03-18 15:00:00,16905.0,16965.0,16905.0,16965.0,25181,172743
2025-03-18 22:00:00,17010.0,17015.0,16915.0,16960.0,53319,172658
2025-03-18 23:00:00,16960.0,16965.0,16865.0,16895.0,33554,171890
2025-03-19 10:00:00,16885.0,16935.0,16860.0,16895.0,27378,172192
2025-03-19 11:15:00,16895.0,16960.0,16820.0,16860.0,189820,172820
2025-03-19 14:15:00,16860.0,16880.0,16810.0,16850.0,35315,174896
2025-03-19 15:00:00,16855.0,16865.0,16820.0,16865.0,19827,174187
2025-03-19 22:00:00,16865.0,16875.0,16670.0,16715.0,90430,176478
2025-03-19 23:00:00,16705.0,16710.0,16645.0,16670.0,29587,175383
2025-03-20 10:00:00,16695.0,16710.0,16635.0,16705.0,22419,173935
2025-03-20 11:15:00,16705.0,16955.0,16705.0,16940.0,40782,170115
2025-03-20 14:15:00,16935.0,17035.0,16915.0,17010.0,40548,170281
2025-03-20 15:00:00,17000.0,17055.0,16980.0,17045.0,26285,168137
2025-03-20 22:00:00,16995.0,17045.0,16950.0,16980.0,57441,165892
2025-03-20 23:00:00,16985.0,17005.0,16960.0,17000.0,26095,162541
2025-03-21 10:00:00,17005.0,17025.0,16925.0,16950.0,41755,162195
2025-03-21 11:15:00,16950.0,16980.0,16925.0,16955.0,24199,160337
2025-03-21 14:15:00,16950.0,17000.0,16905.0,16945.0,26117,158474
2025-03-21 15:00:00,16945.0,16965.0,16930.0,16940.0,13898,156529
2025-03-21 22:00:00,16920.0,16985.0,16890.0,16965.0,44917,156216
2025-03-21 23:00:00,16965.0,17040.0,16940.0,17000.0,40021,153737
2025-03-24 10:00:00,17005.0,17105.0,16970.0,17095.0,35910,153682
2025-03-24 11:15:00,17095.0,17100.0,17050.0,17080.0,17438,152648
2025-03-24 14:15:00,17080.0,17085.0,16995.0,17040.0,23365,152290
2025-03-24 15:00:00,17035.0,17105.0,17020.0,17095.0,27772,151922
2025-03-24 22:00:00,17100.0,17175.0,17050.0,17150.0,56265,149180
2025-03-24 23:00:00,17145.0,17170.0,17125.0,17135.0,18109,145974
2025-03-25 10:00:00,17150.0,17170.0,17110.0,17150.0,27248,144512
2025-03-25 11:15:00,17150.0,17200.0,17125.0,17195.0,33863,143818
2025-03-25 14:15:00,17200.0,17200.0,17080.0,17085.0,35361,140517
2025-03-25 15:00:00,17085.0,17140.0,17070.0,17095.0,28191,139266
2025-03-25 22:00:00,17100.0,17150.0,17070.0,17140.0,112604,138891
2025-03-25 23:00:00,17140.0,17140.0,17095.0,17100.0,18796,137926
2025-03-26 10:00:00,17100.0,17150.0,17030.0,17060.0,39800,138024
2025-03-26 11:15:00,17060.0,17070.0,16980.0,16990.0,38203,138736
2025-03-26 14:15:00,16990.0,16995.0,16925.0,16960.0,31099,139436
2025-03-26 15:00:00,16960.0,16980.0,16895.0,16905.0,24227,138197
2025-03-26 22:00:00,16910.0,16935.0,16850.0,16870.0,46869,138931
2025-03-26 23:00:00,16870.0,16915.0,16870.0,16905.0,24011,136577
2025-03-27 10:00:00,16895.0,16950.0,16835.0,16940.0,37955,135281
2025-03-27 11:15:00,16940.0,16960.0,16920.0,16945.0,21184,133002
2025-03-27 14:15:00,16950.0,17020.0,16930.0,16995.0,35611,130168
2025-03-27 15:00:00,16995.0,17015.0,16965.0,16975.0,17266,128373
2025-03-27 22:00:00,16975.0,17025.0,16930.0,16980.0,42293,126657
2025-03-27 23:00:00,16980.0,17000.0,16935.0,16975.0,25873,124367
2025-03-28 10:00:00,16980.0,17065.0,16965.0,17005.0,39019,121309
2025-03-28 11:15:00,17000.0,17010.0,16880.0,16880.0,41329,118707
2025-03-28 14:15:00,16880.0,16900.0,16670.0,16700.0,83924,125592
2025-03-28 15:00:00,16700.0,16725.0,16620.0,16670.0,41559,124382
2025-03-28 22:00:00,16705.0,16745.0,16670.0,16675.0,47849,121847
2025-03-28 23:00:00,16675.0,16710.0,16635.0,16700.0,26399,119455
2025-03-31 10:00:00,16685.0,16785.0,16675.0,16745.0,27726,113802
2025-03-31 11:15:00,16740.0,16745.0,16655.0,16675.0,12369,112687
2025-03-31 14:15:00,16675.0,16695.0,16575.0,16585.0,28289,111765
2025-03-31 15:00:00,16580.0,16595.0,16535.0,16560.0,26418,108868
2025-03-31 22:00:00,16570.0,16580.0,16425.0,16485.0,57038,106714
2025-03-31 23:00:00,16485.0,16505.0,16450.0,16480.0,19078,104982
2025-04-01 10:00:00,16480.0,16490.0,16375.0,16465.0,30574,104054
2025-04-01 11:15:00,16465.0,16575.0,16450.0,16550.0,27192,101890
2025-04-01 14:15:00,16550.0,16610.0,16540.0,16600.0,188337,100049
2025-04-01 15:00:00,16600.0,16615.0,16570.0,16585.0,13591,97975
2025-04-01 22:00:00,16800.0,16810.0,16765.0,16795.0,33598,118563
2025-04-01 23:00:00,16795.0,16830.0,16780.0,16805.0,15440,118387
2025-04-02 10:00:00,16805.0,16825.0,16785.0,16800.0,18565,119019
2025-04-02 11:15:00,16800.0,16905.0,16765.0,16880.0,35262,117086
2025-04-02 14:15:00,16880.0,16890.0,16825.0,16855.0,20780,117064
2025-04-02 15:00:00,16855.0,16900.0,16820.0,16890.0,17807,116796
2025-04-02 22:00:00,16880.0,16925.0,16860.0,16900.0,42950,120049
2025-04-02 23:00:00,16905.0,16910.0,16880.0,16890.0,15071,119833
2025-04-03 10:00:00,16795.0,16830.0,16680.0,16755.0,75947,122667
2025-04-03 11:15:00,16755.0,16770.0,16385.0,16400.0,121713,133941
2025-04-03 14:15:00,16400.0,16410.0,16310.0,16365.0,50111,138461
2025-04-03 15:00:00,16365.0,16365.0,16280.0,16295.0,32473,136761
2025-04-07 10:00:00,15580.0,15580.0,15580.0,15580.0,8650,132650
2025-04-07 11:15:00,15580.0,15580.0,15580.0,15580.0,1529,132023
2025-04-07 14:15:00,15580.0,15580.0,15580.0,15580.0,579,131465
2025-04-07 15:00:00,15580.0,15580.0,15580.0,15580.0,217,131346
2025-04-07 22:00:00,14505.0,15085.0,14505.0,14960.0,249851,124050
2025-04-07 23:00:00,14955.0,15125.0,14930.0,15045.0,34955,120103
2025-04-08 10:00:00,15080.0,15120.0,14915.0,14970.0,54481,120478
2025-04-08 11:15:00,14960.0,14970.0,14665.0,14665.0,26734,125348
2025-04-08 14:15:00,14660.0,15165.0,14575.0,14910.0,90316,124503
2025-04-08 15:00:00,14935.0,14985.0,14875.0,14930.0,15207,120365
2025-04-08 22:00:00,15010.0,15010.0,14790.0,14930.0,156034,127294
2025-04-08 23:00:00,14930.0,15025.0,14900.0,14920.0,66146,124466
2025-04-09 10:00:00,14685.0,14685.0,14035.0,14310.0,65720,132008
2025-04-09 11:15:00,14345.0,14430.0,14270.0,14340.0,38185,132369
2025-04-09 14:15:00,14340.0,14380.0,14245.0,14330.0,30044,133806
2025-04-09 15:00:00,14355.0,14475.0,14270.0,14330.0,38862,131259
2025-04-09 22:00:00,14285.0,14475.0,14150.0,14455.0,129064,135946
2025-04-09 23:00:00,14460.0,14570.0,14420.0,14425.0,46343,130796
2025-04-10 10:00:00,15300.0,15300.0,14885.0,15045.0,72741,129399
2025-04-10 11:15:00,15045.0,15140.0,15010.0,15040.0,54505,130153
2025-04-10 14:15:00,15040.0,15045.0,14935.0,15000.0,63156,131570
2025-04-10 15:00:00,15000.0,15000.0,14935.0,14975.0,36551,127603
2025-04-10 22:00:00,14880.0,14945.0,14765.0,14795.0,135366,131219
2025-04-10 23:00:00,14795.0,14870.0,14780.0,14855.0,61983,127034
2025-04-11 10:00:00,14810.0,14825.0,14635.0,14715.0,113281,129713
2025-04-11 11:15:00,14715.0,14825.0,14690.0,14805.0,373669,127839
2025-04-11 14:15:00,14800.0,14965.0,14760.0,14945.0,78916,129092
2025-04-11 15:00:00,14950.0,15010.0,14930.0,14995.0,51653,126297
2025-04-11 22:00:00,15060.0,15060.0,14925.0,15015.0,113089,130016
2025-04-11 23:00:00,15015.0,15045.0,14995.0,15030.0,48785,126608
2025-04-14 10:00:00,15120.0,15170.0,15030.0,15110.0,102972,131449
2025-04-14 11:15:00,15110.0,15195.0,15105.0,15175.0,51551,131710
2025-04-14 14:15:00,15170.0,15185.0,15070.0,15085.0,436266,132001
2025-04-14 15:00:00,15085.0,15105.0,15070.0,15080.0,26935,131052
2025-04-14 22:00:00,15090.0,15125.0,14920.0,14985.0,101214,135768
2025-04-14 23:00:00,14990.0,15000.0,14965.0,14980.0,28240,133341
2025-04-15 10:00:00,15005.0,15045.0,14935.0,14955.0,68366,135456
2025-04-15 11:15:00,14955.0,14965.0,14845.0,14875.0,63606,136001
2025-04-15 14:15:00,14870.0,14950.0,14845.0,14940.0,53181,134835
2025-04-15 15:00:00,14940.0,14950.0,14700.0,14710.0,87268,138808
2025-04-15 22:00:00,14840.0,14905.0,14790.0,14865.0,108143,140788
2025-04-15 23:00:00,14865.0,14880.0,14780.0,14825.0,52303,137576
2025-04-16 10:00:00,14805.0,14820.0,14755.0,14795.0,272068,140123
2025-04-16 11:15:00,14795.0,14825.0,14725.0,14765.0,68001,140596
2025-04-16 14:15:00,14765.0,14770.0,14530.0,14635.0,150120,143938
2025-04-16 15:00:00,14635.0,14640.0,14550.0,14635.0,49200,140372
2025-04-16 22:00:00,14715.0,14715.0,14630.0,14645.0,90217,144641
2025-04-16 23:00:00,14645.0,14670.0,14580.0,14580.0,57831,143930
2025-04-17 10:00:00,14585.0,14735.0,14565.0,14700.0,97627,144175
2025-04-17 11:15:00,14705.0,14790.0,14650.0,14755.0,65774,147661
2025-04-17 14:15:00,14760.0,14775.0,14700.0,14705.0,50172,148196
2025-04-17 15:00:00,14705.0,14715.0,14515.0,14640.0,115589,146631
2025-04-17 22:00:00,14635.0,14680.0,14620.0,14645.0,66334,149275
2025-04-17 23:00:00,14645.0,14650.0,14570.0,14595.0,49991,147343
2025-04-18 10:00:00,14615.0,14680.0,14575.0,14640.0,83234,148755
2025-04-18 11:15:00,14640.0,14705.0,14610.0,14635.0,57207,147954
2025-04-18 14:15:00,14635.0,14675.0,14520.0,14665.0,91801,149023
2025-04-18 15:00:00,14660.0,14690.0,14520.0,14590.0,68400,144925
2025-04-18 22:00:00,14590.0,14670.0,14470.0,14655.0,148955,150681
2025-04-18 23:00:00,14655.0,14755.0,14630.0,14755.0,86632,147196
2025-04-21 10:00:00,14755.0,14755.0,14575.0,14740.0,115578,146338
2025-04-21 11:15:00,14735.0,14765.0,14595.0,14615.0,70135,146972
2025-04-21 14:15:00,14610.0,14805.0,14610.0,14780.0,98593,146926
2025-04-21 15:00:00,14785.0,14820.0,14740.0,14795.0,55041,143798
2025-04-21 22:00:00,14795.0,14795.0,14670.0,14690.0,102033,145202
2025-04-21 23:00:00,14690.0,14695.0,14525.0,14575.0,100520,147078
2025-04-22 10:00:00,14580.0,14665.0,14530.0,14565.0,97556,148954
2025-04-22 11:15:00,14565.0,14595.0,14520.0,14555.0,59922,150184
2025-04-22 14:15:00,14555.0,14585.0,14505.0,14565.0,51916,150831
2025-04-22 15:00:00,14565.0,14595.0,14520.0,14535.0,49910,148378
2025-04-22 22:00:00,14490.0,14605.0,14420.0,14595.0,154360,148672
2025-04-22 23:00:00,14600.0,14625.0,14545.0,14580.0,66675,143301
2025-04-23 10:00:00,14630.0,14690.0,14580.0,14590.0,99905,144474
2025-04-23 11:15:00,14585.0,14590.0,14430.0,14465.0,113298,153047
2025-04-23 14:15:00,14470.0,14635.0,14430.0,14615.0,121749,148331
2025-04-23 15:00:00,14620.0,14740.0,14595.0,14695.0,92841,147914
2025-04-23 22:00:00,14655.0,14655.0,14545.0,14555.0,131013,151468
2025-04-23 23:00:00,14560.0,14575.0,14475.0,14555.0,88232,150784
2025-04-24 10:00:00,14550.0,14630.0,14515.0,14620.0,81204,147296
2025-04-24 11:15:00,14620.0,14665.0,14565.0,14565.0,82100,145412
2025-04-24 14:15:00,14570.0,14700.0,14520.0,14660.0,117852,148052
2025-04-24 15:00:00,14660.0,14750.0,14650.0,14735.0,71243,147338
2025-04-24 22:00:00,14750.0,14770.0,14625.0,14675.0,110135,143753
2025-04-24 23:00:00,14675.0,14700.0,14635.0,14685.0,48274,140805
2025-04-25 10:00:00,14700.0,14780.0,14700.0,14745.0,97182,143703
2025-04-25 11:15:00,14750.0,14975.0,14745.0,14965.0,142316,148287
2025-04-25 14:15:00,14965.0,14970.0,14735.0,14735.0,126878,141085
2025-04-25 15:00:00,14730.0,14745.0,14685.0,14720.0,93353,138604
2025-04-25 22:00:00,14670.0,14815.0,14645.0,14780.0,115135,139713
2025-04-25 23:00:00,14780.0,14800.0,14755.0,14795.0,50498,136120
2025-04-28 10:00:00,14800.0,14810.0,14685.0,14690.0,93926,139716
2025-04-28 11:15:00,14695.0,14775.0,14680.0,14755.0,57239,138490
2025-04-28 14:15:00,14755.0,14800.0,14670.0,14760.0,80634,137699
2025-04-28 15:00:00,14760.0,14765.0,14715.0,14730.0,38122,136045
2025-04-28 22:00:00,14705.0,14735.0,14665.0,14695.0,77280,138514
2025-04-28 23:00:00,14695.0,14790.0,14695.0,14735.0,71080,132948
2025-04-29 10:00:00,14725.0,14800.0,14675.0,14750.0,90325,134096
2025-04-29 11:15:00,14745.0,14775.0,14630.0,14675.0,79404,136108
2025-04-29 14:15:00,14675.0,14695.0,14620.0,14635.0,67176,135297
2025-04-29 15:00:00,14635.0,14675.0,14615.0,14635.0,424064,132605
2025-04-29 22:00:00,14650.0,14735.0,14625.0,14660.0,77789,131147
2025-04-29 23:00:00,14660.0,14685.0,14550.0,14680.0,85254,126394
2025-04-30 10:00:00,14670.0,14765.0,14625.0,14635.0,96258,126538
2025-04-30 11:15:00,14640.0,14645.0,14525.0,14590.0,71121,129079
2025-04-30 14:15:00,14585.0,14720.0,14585.0,14665.0,497532,125605
2025-04-30 15:00:00,14670.0,14685.0,14540.0,14555.0,1005078,121118
2025-05-06 10:00:00,14610.0,14875.0,14605.0,14860.0,175083,126807
2025-05-06 11:15:00,14855.0,14875.0,14775.0,14810.0,64548,126001
2025-05-06 14:15:00,14810.0,14875.0,14770.0,14830.0,61659,128162
2025-05-06 15:00:00,14830.0,14865.0,14790.0,14815.0,375168,126520
